지점,일시,평균 수온(°C)
22101,2014-11-01,18.2
22101,2014-11-02,18.1
22101,2014-11-03,17.7
22101,2014-11-04,17.5
22101,2014-11-05,17.2
22101,2014-11-06,17.2
22101,2014-11-07,17.1
22101,2014-11-08,16.9
22101,2014-11-09,16.7
22101,2014-11-10,16.6
22101,2014-11-11,16.4
22101,2014-11-12,16.1
22101,2014-11-13,15.5
22101,2014-11-14,15.2
22101,2014-11-15,14.9
22101,2014-11-16,14.7
22101,2014-11-17,14.7
22101,2014-11-18,14.6
22101,2014-11-19,14.4
22101,2014-11-20,14.4
22101,2014-11-21,14.2
22101,2014-11-23,14
22101,2014-11-24,14
22101,2014-11-25,13.8
22101,2014-11-26,13.7
22101,2014-11-27,13.7
22101,2014-11-28,13.7
22101,2014-11-29,13.7
22101,2014-11-30,13.6
22101,2014-12-01,13.3
22101,2014-12-02,12.8
22101,2014-12-03,12.2
22101,2014-12-04,11.7
22101,2014-12-05,11.4
22101,2014-12-06,11.1
22101,2014-12-07,10.7
22101,2014-12-08,10.5
22101,2014-12-09,10.2
22101,2014-12-10,10.2
22101,2014-12-11,10
22101,2014-12-12,9.8
22101,2014-12-13,9.6
22101,2014-12-14,9.4
22101,2014-12-15,9.3
22101,2014-12-16,9.1
22101,2014-12-17,8.7
22101,2014-12-18,8.4
22101,2014-12-19,7.9
22101,2014-12-20,7.3
22101,2014-12-21,7.1
22101,2014-12-22,6.8
22101,2014-12-23,6.8
22101,2014-12-24,6.8
22101,2014-12-25,6.6
22101,2014-12-26,6.5
22101,2014-12-27,6.5
22101,2014-12-28,6.4
22101,2014-12-29,6.4
22101,2014-12-30,6.4
22101,2014-12-31,6.3
22101,2015-01-01,6
22101,2015-01-02,5.8
22101,2015-01-03,5.5
22101,2015-01-04,5.5
22101,2015-01-05,5.4
22101,2015-01-06,5.4
22101,2015-01-07,5
22101,2015-01-08,4.9
22101,2015-01-09,4.9
22101,2015-01-10,4.8
22101,2015-01-11,4.6
22101,2015-01-12,4.6
22101,2015-01-13,4.5
22101,2015-01-14,4.5
22101,2015-01-15,4.6
22101,2015-01-16,4.6
22101,2015-01-17,4.4
22101,2015-01-18,4.4
22101,2015-01-19,4.3
22101,2015-01-22,4
22101,2015-01-23,4
22101,2015-01-24,4.2
22101,2015-01-25,4.2
22101,2015-01-26,4.2
22101,2015-01-27,4.2
22101,2015-01-28,4.1
22101,2015-01-29,4
22101,2015-01-30,4.1
22101,2015-01-31,3.9
22101,2015-02-01,3.8
22101,2015-02-02,3.9
22101,2015-02-03,3.8
22101,2015-02-04,3.8
22101,2015-02-05,3.7
22101,2015-02-06,3.7
22101,2015-02-07,3.6
22101,2015-02-08,3.4
22101,2015-02-09,3.3
22101,2015-02-10,3.2
22101,2015-02-11,3.2
22101,2015-02-12,3.1
22101,2015-02-13,3
22101,2015-02-14,3
22101,2015-02-15,3.1
22101,2015-02-16,3.1
22101,2015-02-17,3.2
22101,2015-02-18,3.3
22101,2015-02-19,3.3
22101,2015-02-20,3.3
22101,2015-02-21,3.3
22101,2015-02-23,3.5
22101,2015-02-24,3.5
22101,2015-02-25,3.6
22101,2015-02-26,3.6
22101,2015-02-27,3.6
22101,2015-02-28,3.6
22101,2015-03-01,3.6
22101,2015-03-02,3.7
22101,2015-03-03,3.6
22101,2015-03-04,3.6
22101,2015-03-07,3.5
22101,2015-03-08,3.7
22101,2015-03-09,3.7
22101,2015-03-10,3.5
22101,2015-03-11,3.6
22101,2015-03-12,3.6
22101,2015-03-13,3.7
22101,2015-03-14,3.8
22101,2015-03-15,3.8
22101,2015-03-16,4
22101,2015-03-17,4
22101,2015-03-18,4
22101,2015-03-19,4.1
22101,2015-03-20,4.3
22101,2015-03-21,4.4
22101,2015-03-22,4
22101,2015-03-24,4.6
22101,2015-03-25,4.7
22101,2015-03-26,4.7
22101,2015-03-27,4.9
22101,2015-03-28,5
22101,2015-03-29,5.3
22101,2015-03-30,5.3
22101,2015-04-02,5.5
22101,2015-04-03,5.7
22101,2015-04-04,5.8
22101,2015-04-05,5.9
22101,2015-04-06,6
22101,2015-04-07,6.1
22101,2015-04-08,6.1
22101,2015-04-09,6.3
22101,2015-04-10,6.3
22101,2015-04-11,6.5
22101,2015-04-12,6.7
22101,2015-04-13,6.7
22101,2015-04-14,6.7
22101,2015-04-15,6.8
22101,2015-04-16,6.9
22101,2015-04-17,7
22101,2015-04-18,7.1
22101,2015-04-19,7.2
22101,2015-04-20,7.3
22101,2015-04-21,7.4
22101,2015-04-22,7.6
22101,2015-04-23,7.7
22101,2015-04-24,7.9
22101,2015-04-25,8.1
22101,2015-04-26,8.2
22101,2015-04-27,8.4
22101,2015-04-28,8.6
22101,2015-04-29,8.5
22101,2015-04-30,8.7
22101,2015-05-01,8.9
22101,2015-05-02,9.1
22101,2015-05-03,9.1
22101,2015-05-04,9.3
22101,2015-05-05,9.6
22101,2015-05-06,9.6
22101,2015-05-07,9.8
22101,2015-05-08,9.9
22101,2015-05-09,10
22101,2015-05-10,10.2
22101,2015-05-11,10.3
22101,2015-05-12,10.4
22101,2015-05-13,10.6
22101,2015-05-14,10.9
22101,2015-05-15,11
22101,2015-05-16,11.1
22101,2015-05-17,11.4
22101,2015-05-18,11.2
22101,2015-05-19,11.3
22101,2015-05-20,11.5
22101,2015-05-21,11.6
22101,2015-05-22,11.8
22101,2015-05-23,12
22101,2015-05-24,12.2
22101,2015-05-25,12.4
22101,2015-05-26,12.4
22101,2015-05-28,13.3
22101,2015-05-29,13
22101,2015-05-30,13.1
22101,2015-05-31,13.3
22101,2015-06-01,13.4
22101,2015-06-02,13.5
22101,2015-06-03,13.7
22101,2015-06-04,13.9
22101,2015-06-05,14.1
22101,2015-06-06,14.1
22101,2015-06-07,14.2
22101,2015-06-08,14.4
22101,2015-06-09,14.6
22101,2015-06-10,14.8
22101,2015-06-11,14.8
22101,2015-06-12,15
22101,2015-06-13,15
22101,2015-06-14,15.3
22101,2015-06-15,15.4
22101,2015-06-16,15.5
22101,2015-06-17,15.5
22101,2015-06-18,15.8
22101,2015-06-19,16
22101,2015-06-20,16
22101,2015-06-21,16.1
22101,2015-06-22,16.3
22101,2015-06-23,16.5
22101,2015-06-24,16.9
22101,2015-06-26,16.8
22101,2015-06-27,17.2
22101,2015-06-28,17.4
22101,2015-06-29,17.6
22101,2015-06-30,17.5
22101,2015-07-01,17.8
22101,2015-07-02,17.8
22101,2015-07-03,17.9
22101,2015-07-04,18.1
22101,2015-07-05,18.3
22101,2015-07-06,18.4
22101,2015-07-07,18.4
22101,2015-07-08,18.5
22101,2015-07-09,18.7
22101,2015-07-10,18.9
22101,2015-07-11,19.2
22101,2015-07-12,19
22101,2015-07-13,19.1
22101,2015-07-14,19.2
22101,2015-07-15,19.4
22101,2015-07-17,19.4
22101,2015-07-18,19.5
22101,2015-07-19,19.5
22101,2015-07-20,19.6
22101,2015-07-21,19.7
22101,2015-07-22,19.8
22101,2015-07-23,20
22101,2015-07-24,20
22101,2015-07-25,20
22101,2015-07-26,20.1
22101,2015-07-27,20.2
22101,2015-07-28,20.4
22101,2015-07-29,20.4
22101,2015-07-30,20.4
22101,2015-07-31,20.5
22101,2015-08-01,20.6
22101,2015-08-02,20.8
22101,2015-08-03,20.9
22101,2015-08-04,21.1
22101,2015-08-05,21.3
22101,2015-08-06,21.5
22101,2015-08-07,21.9
22101,2015-08-08,21.8
22101,2015-08-09,22.1
22101,2015-08-10,22.3
22101,2015-08-11,22.3
22101,2015-08-12,22.5
22101,2015-08-13,22.6
22101,2015-08-14,22.7
22101,2015-08-15,22.9
22101,2015-08-16,22.9
22101,2015-08-17,23.1
22101,2015-08-18,23.3
22101,2015-08-19,23.3
22101,2015-08-21,23.7
22101,2015-08-22,23.8
22101,2015-08-23,24.1
22101,2015-08-24,24
22101,2015-08-25,23.8
22101,2015-08-26,23.8
22101,2015-08-27,23.9
22101,2015-08-28,24
22101,2015-08-29,24
22101,2015-08-30,24.1
22101,2015-08-31,24.2
22101,2015-09-01,24.3
22101,2015-09-02,24.1
22101,2015-09-03,24.2
22101,2015-09-04,24.2
22101,2015-09-05,24.2
22101,2015-09-06,24.2
22101,2015-09-07,24.1
22101,2015-09-08,24.1
22101,2015-09-09,24
22101,2015-09-10,24
22101,2015-09-11,23.9
22101,2015-09-12,23.7
22101,2015-09-13,23.6
22101,2015-09-14,23.5
22101,2015-09-15,23.5
22101,2015-09-16,23.4
22101,2015-09-17,23.3
22101,2015-09-18,23.2
22101,2015-09-19,23.2
22101,2015-09-20,23.2
22101,2015-09-21,23.3
22101,2015-09-22,23.3
22101,2015-09-23,23.3
22101,2015-09-24,23.3
22101,2015-09-25,23.3
22101,2015-09-26,23.2
22101,2015-09-27,23.1
22101,2015-09-28,23
22101,2015-09-29,22.8
22101,2015-09-30,22.6
22101,2015-10-01,22.4
22101,2015-10-07,21.8
22101,2015-10-08,21.8
22101,2015-10-09,21.5
22101,2015-10-10,21.3
22101,2015-10-11,21
22101,2015-10-12,20.7
22101,2015-10-13,20.5
22101,2015-10-14,20.4
22101,2015-10-15,20.4
22101,2015-10-16,20.4
22101,2015-10-17,20.4
22101,2015-10-18,20.4
22101,2015-10-19,20.4
22101,2015-10-20,20.4
22101,2015-10-21,20.4
22101,2015-10-22,20.3
22101,2015-10-23,20.3
22101,2015-10-24,20.3
22101,2015-10-25,20.1
22101,2015-10-26,20
22101,2015-10-27,19.8
22101,2015-10-28,19.4
22101,2015-10-29,19.2
22101,2015-10-30,18.8
22101,2015-10-31,18.4
22101,2015-11-01,18.2
22101,2015-11-02,18.2
22101,2015-11-03,18.1
22101,2015-11-04,18.1
22101,2015-11-05,18.1
22101,2015-11-06,18
22101,2015-11-07,17.8
22101,2015-11-08,17.6
22101,2015-11-09,17.6
22101,2015-11-10,17.4
22101,2015-11-11,17.4
22101,2015-11-12,17.3
22101,2015-11-13,17.2
22101,2015-11-14,17
22101,2015-11-15,17
22101,2015-11-16,16.9
22101,2015-11-17,16.9
22101,2015-11-18,16.7
22101,2015-11-20,16.5
22101,2015-11-21,16.4
22101,2015-11-22,16.2
22101,2015-11-23,16.1
22101,2015-11-24,15.9
22101,2015-11-25,15.6
22101,2015-11-26,15.1
22101,2015-11-27,14.4
22101,2015-11-28,14
22101,2015-11-29,13.9
22101,2015-11-30,13.7
22101,2015-12-01,13.7
22101,2015-12-02,13.6
22101,2015-12-03,13.3
22101,2015-12-04,12.8
22101,2015-12-05,12.3
22101,2015-12-06,11.9
22101,2015-12-07,11.7
22101,2015-12-08,11.7
22101,2015-12-09,11.7
22101,2015-12-10,11.6
22101,2015-12-11,11.5
22101,2015-12-12,11.4
22101,2015-12-13,11.3
22101,2015-12-14,11.3
22101,2015-12-15,11.2
22101,2015-12-16,11
22101,2015-12-17,10.6
22101,2015-12-18,10.3
22101,2015-12-19,10.2
22101,2015-12-20,10.1
22101,2015-12-21,10
22101,2015-12-22,10
22101,2015-12-23,10
22101,2015-12-24,9.8
22101,2015-12-25,9.6
22101,2015-12-26,9.5
22101,2015-12-27,9.2
22101,2015-12-28,8.8
22101,2015-12-29,8.7
22101,2015-12-30,8.6
22101,2015-12-31,8.6
22101,2016-01-01,8.5
22101,2016-01-02,8.5
22101,2016-01-03,8.6
22101,2016-01-04,8.5
22101,2016-01-05,8.4
22101,2016-01-06,8.2
22101,2016-01-07,8.1
22101,2016-01-08,8
22101,2016-01-09,7.9
22101,2016-01-10,7.8
22101,2016-01-11,7.6
22101,2016-01-12,7.4
22101,2016-01-13,7.2
22101,2016-01-14,7
22101,2016-01-15,7
22101,2016-01-16,6.9
22101,2016-01-17,6.9
22101,2016-01-18,6.7
22101,2016-01-19,6.4
22101,2016-01-20,6
22101,2016-01-21,5.7
22101,2016-01-22,5.4
22101,2016-01-23,5
22101,2016-01-24,4.4
22101,2016-01-25,4
22101,2016-01-26,3.7
22101,2016-01-27,3.7
22101,2016-01-28,3.8
22101,2016-01-29,3.8
22101,2016-01-30,3.8
22101,2016-01-31,3.8
22101,2016-02-01,3.7
22101,2016-02-02,3.6
22101,2016-02-03,3.6
22101,2016-02-04,3.6
22101,2016-02-05,3.6
22101,2016-02-06,3.5
22101,2016-02-07,3.5
22101,2016-02-08,3.5
22101,2016-02-09,3.4
22101,2016-02-10,3.4
22101,2016-02-11,3.4
22101,2016-02-12,3.6
22101,2016-02-13,3.7
22101,2016-02-14,3.7
22101,2016-02-15,3.5
22101,2016-02-16,3.5
22101,2016-02-17,3.5
22101,2016-02-18,3.5
22101,2016-02-20,3.5
22101,2016-02-21,3.5
22101,2016-02-22,3.5
22101,2016-02-23,3.5
22101,2016-02-24,3.4
22101,2016-02-25,3.4
22101,2016-02-26,3.4
22101,2016-02-27,3.5
22101,2016-02-28,3.5
22101,2016-02-29,3.4
22101,2016-03-01,3.4
22101,2016-03-02,3.4
22101,2016-03-03,3.5
22101,2016-03-04,3.7
22101,2016-03-05,3.7
22101,2016-03-06,3.8
22101,2016-03-07,3.9
22101,2016-03-08,3.9
22101,2016-03-09,3.8
22101,2016-03-10,3.8
22101,2016-03-11,3.7
22101,2016-03-12,3.8
22101,2016-03-13,3.8
22101,2016-03-14,3.9
22101,2016-03-15,4
22101,2016-03-16,4.2
22101,2016-03-17,4.3
22101,2016-03-18,4.4
22101,2016-03-19,4.4
22101,2016-03-20,4.6
22101,2016-03-21,4.7
22101,2016-03-22,4.8
22101,2016-03-23,4.9
22101,2016-03-24,4.9
22101,2016-03-25,5.1
22101,2016-03-26,5.1
22101,2016-03-27,5.2
22101,2016-03-28,5.3
22101,2016-03-29,5.4
22101,2016-03-30,5.6
22101,2016-03-31,6
22101,2016-04-01,6.1
22101,2016-04-02,6.1
22101,2016-04-03,5.9
22101,2016-04-04,6.1
22101,2016-04-05,6.1
22101,2016-04-06,6.3
22101,2016-04-07,6.5
22101,2016-04-08,6.6
22101,2016-04-09,6.7
22101,2016-04-10,6.7
22101,2016-04-11,6.8
22101,2016-04-12,7
22101,2016-04-13,7.1
22101,2016-04-14,7.1
22101,2016-04-15,7.2
22101,2016-04-16,7.3
22101,2016-04-17,7.5
22101,2016-04-18,7.6
22101,2016-04-19,7.9
22101,2016-04-20,7.9
22101,2016-04-21,8
22101,2016-04-22,8.1
22101,2016-04-23,8.2
22101,2016-04-24,8.5
22101,2016-04-25,8.5
22101,2016-04-26,8.7
22101,2016-04-27,8.7
22101,2016-04-28,8.9
22101,2016-04-29,9.2
22101,2016-04-30,9.1
22101,2016-05-01,9.3
22101,2016-05-02,9.5
22101,2016-05-03,9.6
22101,2016-05-04,10
22101,2016-05-05,10.4
22101,2016-05-06,10.2
22101,2016-05-07,10.4
22101,2016-05-08,10.6
22101,2016-05-09,10.7
22101,2016-05-10,10.7
22101,2016-05-11,10.9
22101,2016-05-12,11
22101,2016-05-13,11.3
22101,2016-05-14,11.7
22101,2016-05-15,11.6
22101,2016-05-16,11.8
22101,2016-05-17,12.2
22101,2016-05-18,12.2
22101,2016-05-19,12.3
22101,2016-05-20,12.6
22101,2016-05-21,12.8
22101,2016-05-22,12.9
22101,2016-05-23,13
22101,2016-05-24,13.1
22101,2016-05-25,13.2
22101,2016-05-26,13.3
22101,2016-05-27,13.4
22101,2016-05-28,13.7
22101,2016-05-29,14
22101,2016-05-30,14.2
22101,2016-05-31,14.3
22101,2016-06-01,14.5
22101,2016-06-02,14.5
22101,2016-06-03,14.8
22101,2016-06-04,14.7
22101,2016-06-05,14.8
22101,2016-06-06,15
22101,2016-06-07,15.2
22101,2016-06-08,15.2
22101,2016-06-09,15.3
22101,2016-06-10,15.6
22101,2016-06-11,15.7
22101,2016-06-12,15.8
22101,2016-06-13,16
22101,2016-06-14,16
22101,2016-06-15,16
22101,2016-06-16,16.3
22101,2016-06-17,16.4
22101,2016-06-18,16.6
22101,2016-06-19,17
22101,2016-06-20,16.8
22101,2016-06-21,17
22101,2016-06-22,17.1
22101,2016-06-23,17.3
22101,2016-06-24,17.3
22101,2016-06-25,17.5
22101,2016-06-26,17.8
22101,2016-06-27,18
22101,2016-06-28,18.1
22101,2016-06-29,18.3
22101,2016-06-30,18.2
22101,2016-07-01,18.3
22101,2016-07-02,18.7
22101,2016-07-03,18.5
22101,2016-07-04,18.5
22101,2016-07-05,18.7
22101,2016-07-06,19
22101,2016-07-07,19
22101,2016-07-08,19.2
22101,2016-07-09,19.4
22101,2016-07-10,19.6
22101,2016-07-11,20
22101,2016-07-12,20.1
22101,2016-07-13,20.1
22101,2016-07-14,20.7
22101,2016-07-15,20.3
22101,2016-07-16,20.3
22101,2016-07-17,20.3
22101,2016-07-18,20.5
22101,2016-07-19,20.7
22101,2016-07-20,20.8
22101,2016-07-21,21
22101,2016-07-22,21.1
22101,2016-07-23,21.1
22101,2016-07-24,21.2
22101,2016-07-25,21.4
22101,2016-07-26,21.4
22101,2016-07-27,21.6
22101,2016-07-28,21.8
22101,2016-07-29,21.9
22101,2016-07-30,22
22101,2016-07-31,22.2
22101,2016-08-01,22.3
22101,2016-08-02,22.2
22101,2016-08-03,22.4
22101,2016-08-04,22.7
22101,2016-08-05,23
22101,2016-08-06,23.1
22101,2016-08-07,23.2
22101,2016-08-08,23.4
22101,2016-08-09,23.7
22101,2016-08-10,23.8
22101,2016-08-11,24.2
22101,2016-08-12,24.4
22101,2016-08-13,24.6
22101,2016-08-14,24.9
22101,2016-08-15,25.1
22101,2016-08-16,24.8
22101,2016-08-17,24.8
22101,2016-08-18,24.7
22101,2016-08-19,24.8
22101,2016-08-20,25.1
22101,2016-08-21,25.1
22101,2016-08-22,25
22101,2016-08-23,25.1
22101,2016-08-24,25
22101,2016-08-25,25.3
22101,2016-08-26,25.2
22101,2016-08-27,25.1
22101,2016-08-28,24.9
22101,2016-08-29,24.8
22101,2016-08-30,24.6
22101,2016-08-31,24.2
22101,2016-09-01,24
22101,2016-09-02,24
22101,2016-09-03,24.1
22101,2016-09-04,24
22101,2016-09-05,23.9
22101,2016-09-06,24
22101,2016-09-07,24
22101,2016-09-08,24
22101,2016-09-09,24.1
22101,2016-09-10,24.2
22101,2016-09-11,24.2
22101,2016-09-12,24.3
22101,2016-09-13,24.3
22101,2016-09-14,24.2
22101,2016-09-15,24.2
22101,2016-09-16,24.1
22101,2016-09-17,24.1
22101,2016-09-18,24
22101,2016-09-19,23.9
22101,2016-09-20,23.6
22101,2016-09-21,23.5
22101,2016-09-22,23.3
22101,2016-09-23,23.3
22101,2016-09-24,23.4
22101,2016-09-25,23.5
22101,2016-09-26,23.4
22101,2016-09-27,23.3
22101,2016-09-28,23.2
22101,2016-09-29,23.1
22101,2016-09-30,23.1
22101,2016-10-01,23
22101,2016-10-02,22.8
22101,2016-10-03,22.8
22101,2016-10-04,22.7
22101,2016-10-05,22.6
22101,2016-10-06,22.5
22101,2016-10-07,22.3
22101,2016-10-08,22.2
22101,2016-10-09,21.9
22101,2016-10-10,21.6
22101,2016-10-11,21.5
22101,2016-10-12,21.3
22101,2016-10-13,21.1
22101,2016-10-14,21
22101,2016-10-15,20.9
22101,2016-10-16,20.8
22101,2016-10-17,20.7
22101,2016-10-18,20.6
22101,2016-10-19,20.5
22101,2016-10-20,20.4
22101,2016-10-21,20.3
22101,2016-10-22,20.2
22101,2016-10-23,20.1
22101,2016-10-24,19.9
22101,2016-10-25,19.8
22101,2016-10-26,19.7
22101,2016-10-27,19.6
22101,2016-10-28,19.4
22101,2016-10-29,19
22101,2016-10-30,18.6
22101,2016-10-31,18.3
22101,2016-11-01,17.8
22101,2016-11-02,17.4
22101,2016-11-03,17.2
22101,2016-11-04,17.1
22101,2016-11-05,17
22101,2016-11-06,17
22101,2016-11-07,17
22101,2016-11-08,16.8
22101,2016-11-09,16.4
22101,2016-11-10,16.2
22101,2016-11-11,15.9
22101,2016-11-12,15.7
22101,2016-11-13,15.6
22101,2016-11-14,15.7
22101,2016-11-15,15.4
22101,2016-11-16,15.2
22101,2016-11-17,15
22101,2016-11-18,15
22101,2016-11-19,14.9
22101,2016-11-20,14.8
22101,2016-11-21,14.7
22101,2016-11-22,14.5
22101,2016-11-23,14.1
22101,2016-11-24,13.8
22101,2016-11-25,13.5
22101,2016-11-26,13.3
22101,2016-11-27,13.2
22101,2016-11-28,12.9
22101,2016-11-29,12.6
22101,2016-11-30,12.6
22101,2016-12-01,12.3
22101,2016-12-02,12.1
22101,2016-12-03,12
22101,2016-12-04,12
22101,2016-12-05,12
22101,2016-12-06,11.7
22101,2016-12-07,11.6
22101,2016-12-08,11.4
22101,2016-12-09,11.2
22101,2016-12-10,11
22101,2016-12-11,10.9
22101,2016-12-12,10.7
22101,2016-12-13,10.5
22101,2016-12-14,10.2
22101,2016-12-15,9.8
22101,2016-12-16,9.5
22101,2016-12-17,9.4
22101,2016-12-18,9.3
22101,2016-12-19,9.3
22101,2016-12-20,9.3
22101,2016-12-21,9.4
22101,2016-12-22,9.4
22101,2016-12-23,9.2
22101,2016-12-24,9
22101,2016-12-25,8.9
22101,2016-12-26,8.8
22101,2016-12-27,8.6
22101,2016-12-28,8.4
22101,2016-12-29,8.1
22101,2016-12-30,7.9
22101,2016-12-31,7.8
22101,2017-01-01,7.8
22101,2017-01-02,7.8
22101,2017-01-03,7.8
22101,2017-01-04,7.8
22101,2017-01-05,7.7
22101,2017-01-06,7.7
22101,2017-01-07,7.7
22101,2017-01-08,7.7
22101,2017-01-09,7.6
22101,2017-01-10,7.5
22101,2017-01-11,7.3
22101,2017-01-12,7.1
22101,2017-01-13,6.9
22101,2017-01-14,6.5
22101,2017-01-15,6.2
22101,2017-01-16,5.9
22101,2017-01-17,5.8
22101,2017-01-18,5.9
22101,2017-01-19,5.8
22101,2017-01-20,5.8
22101,2017-01-21,5.7
22101,2017-01-22,5.5
22101,2017-01-23,5.2
22101,2017-01-24,5
22101,2017-01-25,4.8
22101,2017-01-26,4.7
22101,2017-01-27,4.6
22101,2017-01-28,4.5
22101,2017-01-29,4.4
22101,2017-01-30,4.3
22101,2017-01-31,4.2
22101,2017-02-01,4.1
22101,2017-02-02,4.1
22101,2017-02-03,4
22101,2017-02-04,4
22101,2017-02-05,4.1
22101,2017-02-06,4
22101,2017-02-07,3.9
22101,2017-02-08,3.8
22101,2017-02-09,3.7
22101,2017-02-10,3.5
22101,2017-02-11,3.3
22101,2017-02-12,3.1
22101,2017-02-13,3
22101,2017-02-14,3.1
22101,2017-02-15,3.1
22101,2017-02-16,3.3
22101,2017-02-17,3.3
22101,2017-02-18,3.3
22101,2017-02-19,3.3
22101,2017-02-20,3.2
22101,2017-02-21,3.3
22101,2017-02-22,3.2
22101,2017-02-23,3.2
22101,2017-02-24,3.2
22101,2017-02-25,3.2
22101,2017-02-26,3.2
22101,2017-02-27,3.3
22101,2017-02-28,3.3
22101,2017-03-01,3.3
22101,2017-03-02,3.4
22101,2017-03-03,3.5
22101,2017-03-04,3.6
22101,2017-03-05,3.7
22101,2017-03-06,3.6
22101,2017-03-07,3.6
22101,2017-03-08,3.7
22101,2017-03-09,3.7
22101,2017-03-10,3.8
22101,2017-03-11,3.9
22101,2017-03-12,4
22101,2017-03-13,4.1
22101,2017-03-14,4.1
22101,2017-03-15,4.2
22101,2017-03-16,4.3
22101,2017-03-17,4.4
22101,2017-03-18,4.5
22101,2017-03-19,4.7
22101,2017-03-20,4.7
22101,2017-03-21,4.8
22101,2017-03-22,5
22101,2017-03-23,5
22101,2017-03-24,5.1
22101,2017-03-25,5.1
22101,2017-03-26,5.2
22101,2017-03-27,5.3
22101,2017-03-28,5.4
22101,2017-03-29,5.5
22101,2017-03-30,5.6
22101,2017-03-31,5.6
22101,2017-04-01,5.8
22101,2017-04-02,5.9
22101,2017-04-03,6
22101,2017-04-04,6.2
22101,2017-04-05,6.2
22101,2017-04-06,6.3
22101,2017-04-07,6.5
22101,2017-04-08,6.5
22101,2017-04-09,6.7
22101,2017-04-10,6.8
22101,2017-04-11,7
22101,2017-04-12,7.2
22101,2017-04-13,7.3
22101,2017-04-14,7.3
22101,2017-04-15,7.5
22101,2017-04-16,7.6
22101,2017-04-17,7.7
22101,2017-04-18,7.7
22101,2017-04-19,8
22101,2017-04-20,8
22101,2017-04-21,8.2
22101,2017-04-22,8.3
22101,2017-04-23,8.3
22101,2017-04-24,8.5
22101,2017-04-25,8.8
22101,2017-04-26,8.9
22101,2017-04-27,9.1
22101,2017-04-28,9.2
22101,2017-04-29,9.3
22101,2017-04-30,9.5
22101,2017-05-01,9.6
22101,2017-05-02,9.9
22101,2017-05-03,10
22101,2017-05-04,10.1
22101,2017-05-05,10.5
22101,2017-05-06,10.4
22101,2017-05-07,10.6
22101,2017-05-08,10.7
22101,2017-05-09,10.7
22101,2017-05-10,10.9
22101,2017-05-11,11.1
22101,2017-05-12,11.2
22101,2017-05-13,11.3
22101,2017-05-14,11.4
22101,2017-05-15,11.6
22101,2017-05-16,11.8
22101,2017-05-17,12.1
22101,2017-05-18,12.2
22101,2017-05-19,12.4
22101,2017-05-20,12.7
22101,2017-05-21,12.9
22101,2017-05-22,12.9
22101,2017-05-23,12.9
22101,2017-05-24,13.2
22101,2017-05-25,13.3
22101,2017-05-26,13.5
22101,2017-05-27,13.7
22101,2017-05-28,13.8
22101,2017-05-29,14
22101,2017-05-30,14.2
22101,2017-05-31,14.4
22101,2017-06-01,14.4
22101,2017-06-02,14.7
22101,2017-06-03,14.9
22101,2017-06-04,15
22101,2017-06-05,15.3
22101,2017-06-06,15.2
22101,2017-06-07,15.3
22101,2017-06-08,15.4
22101,2017-06-09,15.5
22101,2017-06-10,15.8
22101,2017-06-11,15.9
22101,2017-06-12,15.9
22101,2017-06-13,16.1
22101,2017-06-14,16.2
22101,2017-06-15,16.4
22101,2017-06-16,16.6
22101,2017-06-17,16.8
22101,2017-06-18,16.9
22101,2017-06-19,17.2
22101,2017-06-20,17.1
22101,2017-06-21,17.3
22101,2017-06-22,17.6
22101,2017-06-23,17.7
22101,2017-06-24,17.6
22101,2017-06-25,17.9
22101,2017-06-26,18.1
22101,2017-06-27,18.2
22101,2017-06-28,18.2
22101,2017-06-29,18.4
22101,2017-06-30,18.5
22101,2017-07-01,18.7
22101,2017-07-02,18.8
22101,2017-07-03,19
22101,2017-07-04,19.1
22101,2017-07-05,19.3
22101,2017-07-06,19.5
22101,2017-07-07,19.3
22101,2017-07-08,19.4
22101,2017-07-09,19.6
22101,2017-07-10,19.7
22101,2017-07-11,19.8
22101,2017-07-12,20
22101,2017-07-13,20.1
22101,2017-07-14,20.3
22101,2017-07-15,20.4
22101,2017-07-16,20.6
22101,2017-07-17,20.5
22101,2017-07-18,20.9
22101,2017-07-19,21.3
22101,2017-07-20,21.1
22101,2017-07-21,21.4
22101,2017-07-22,21.5
22101,2017-07-23,21.5
22101,2017-07-24,21.6
22101,2017-07-25,21.9
22101,2017-07-26,22.1
22101,2017-07-27,22.1
22101,2017-07-28,22.2
22101,2017-07-29,22.3
22101,2017-07-30,22.6
22101,2017-07-31,22.5
22101,2017-08-01,22.9
22101,2017-08-02,23.2
22101,2017-08-03,23.1
22101,2017-08-04,23.4
22101,2017-08-05,23.6
22101,2017-08-06,23.5
22101,2017-08-07,23.6
22101,2017-08-08,23.6
22101,2017-08-09,23.9
22101,2017-08-10,24.1
22101,2017-08-11,24.1
22101,2017-08-12,24.1
22101,2017-08-13,24.1
22101,2017-08-14,24.1
22101,2017-08-15,23.9
22101,2017-08-16,23.9
22101,2017-08-17,24.3
22101,2017-08-18,24.1
22101,2017-08-19,24
22101,2017-08-20,23.9
22101,2017-08-21,24
22101,2017-08-22,24
22101,2017-08-23,24.1
22101,2017-08-24,24.3
22101,2017-08-25,24.3
22101,2017-08-26,24.4
22101,2017-08-27,24.3
22101,2017-08-28,24.3
22101,2017-08-29,24.1
22101,2017-08-30,23.9
22101,2017-08-31,23.9
22101,2017-09-01,23.9
22101,2017-09-02,23.9
22101,2017-09-03,24
22101,2017-09-04,23.8
22101,2017-09-05,23.5
22101,2017-09-06,23.4
22101,2017-09-07,23.5
22101,2017-09-08,23.5
22101,2017-09-09,23.5
22101,2017-09-10,23.4
22101,2017-09-11,23.3
22101,2017-09-12,23.3
22101,2017-09-13,23.2
22101,2017-09-14,23.3
22101,2017-09-15,23.3
22101,2017-09-16,23.1
22101,2017-09-17,23
22101,2017-09-18,23.1
22101,2017-09-19,23
22101,2017-09-20,22.8
22101,2017-09-21,22.7
22101,2017-09-22,22.6
22101,2017-09-23,22.5
22101,2017-09-24,22.4
22101,2017-09-25,22.5
22101,2017-09-26,22.5
22101,2017-09-27,22.5
22101,2017-09-28,22.4
22101,2017-09-29,22.2
22101,2017-09-30,22.2
22101,2017-10-01,22
22101,2017-10-02,21.9
22101,2017-10-03,21.6
22101,2017-10-04,21.2
22101,2017-10-05,21
22101,2017-10-06,20.9
22101,2017-10-07,20.8
22101,2017-10-08,20.7
22101,2017-10-09,20.7
22101,2017-10-10,20.6
22101,2017-10-11,20.5
22101,2017-10-12,20.2
22101,2017-10-13,20
22101,2017-10-14,19.9
22101,2017-10-15,19.7
22101,2017-10-16,19.6
22101,2017-10-17,19.4
22101,2017-10-18,19.2
22101,2017-10-19,19.1
22101,2017-10-20,19
22101,2017-10-21,18.9
22101,2017-10-22,18.8
22101,2017-10-23,18.5
22101,2017-10-24,18.4
22101,2017-10-25,18.4
22101,2017-10-26,18.3
22101,2017-10-27,18.3
22101,2017-10-28,18.3
22101,2017-10-29,18.1
22101,2017-10-30,17.8
22101,2017-10-31,17.7
22101,2017-11-01,17.5
22101,2017-11-02,17.3
22101,2017-11-03,17.2
22101,2017-11-04,16.8
22101,2017-11-05,16.6
22101,2017-11-06,16.4
22101,2017-11-07,16.3
22101,2017-11-08,16.1
22101,2017-11-09,15.9
22101,2017-11-10,15.8
22101,2017-11-11,15.5
22101,2017-11-12,15.3
22101,2017-11-13,15.1
22101,2017-11-14,15
22101,2017-11-15,14.7
22101,2017-11-16,14.4
22101,2017-11-17,14.2
22101,2017-11-18,13.7
22101,2017-11-19,13.3
22101,2017-11-20,13
22101,2017-11-21,12.8
22101,2017-11-22,12.7
22101,2017-11-23,12.4
22101,2017-11-24,12.2
22101,2017-11-25,12
22101,2017-11-26,11.8
22101,2017-11-27,11.7
22101,2017-11-28,11.6
22101,2017-11-29,11.5
22101,2017-11-30,11.2
22101,2017-12-01,11
22101,2017-12-02,10.7
22101,2017-12-03,10.6
22101,2017-12-04,10.3
22101,2017-12-05,10
22101,2017-12-06,9.7
22101,2017-12-07,9.6
22101,2017-12-08,9.4
22101,2017-12-09,9.3
22101,2017-12-10,9.2
22101,2017-12-11,9
22101,2017-12-12,8.5
22101,2017-12-13,8.2
22101,2017-12-14,8
22101,2017-12-15,7.8
22101,2017-12-16,7.5
22101,2017-12-17,7.2
22101,2017-12-18,7
22101,2017-12-19,6.8
22101,2017-12-20,6.6
22101,2017-12-21,6.6
22101,2017-12-22,6.5
22101,2017-12-23,6.6
22101,2017-12-24,6.6
22101,2017-12-25,6.5
22101,2017-12-26,6.4
22101,2017-12-27,6.2
22101,2017-12-28,6
22101,2017-12-29,6
22101,2017-12-30,6
22101,2017-12-31,5.9
22101,2018-01-01,5.8
22101,2018-01-02,5.6
22101,2018-01-03,5.5
22101,2018-01-04,5.2
22101,2018-01-05,5.2
22101,2018-01-06,5.1
22101,2018-01-07,5
22101,2018-01-08,5
22101,2018-01-09,4.9
22101,2018-01-10,4.7
22101,2018-01-11,4.4
22101,2018-01-12,4.2
22101,2018-01-13,4
22101,2018-01-14,4
22101,2018-01-15,4
22101,2018-01-16,4
22101,2018-01-17,4
22101,2018-01-18,4
22101,2018-01-19,4
22101,2018-01-20,4
22101,2018-01-21,4
22101,2018-01-22,4
22101,2018-01-23,3.8
22101,2018-01-24,3.5
22101,2018-01-25,3.2
22101,2018-01-26,2.8
22101,2018-01-27,2.6
22101,2018-01-28,2.6
22101,2018-01-29,2.4
22101,2018-01-30,2.3
22101,2018-01-31,2.1
22101,2018-02-01,2
22101,2018-02-02,2
22101,2018-02-03,1.8
22101,2018-02-04,1.7
22101,2018-02-05,1.5
22101,2018-02-06,1.3
22101,2018-02-07,1.1
22101,2018-02-08,1.2
22101,2018-02-09,1.2
22101,2018-02-10,1.1
22101,2018-02-11,1.1
22101,2018-02-12,1.1
22101,2018-02-13,1.1
22101,2018-02-14,1.1
22101,2018-02-15,1.1
22101,2018-02-16,1.1
22101,2018-02-17,1.1
22101,2018-02-18,1.1
22101,2018-02-19,1.1
22101,2018-02-20,1.2
22101,2018-02-21,1.2
22101,2018-02-22,1.2
22101,2018-02-23,1.3
22101,2018-02-24,1.3
22101,2018-02-25,1.5
22101,2018-02-26,1.5
22101,2018-02-27,1.5
22101,2018-02-28,1.6
22101,2018-03-01,1.6
22101,2018-03-02,1.7
22101,2018-03-03,1.7
22101,2018-03-04,1.8
22101,2018-03-05,2
22101,2018-03-06,2.1
22101,2018-03-07,2.2
22101,2018-03-08,2.2
22101,2018-03-09,2.4
22101,2018-03-10,2.5
22101,2018-03-11,2.7
22101,2018-03-12,2.6
22101,2018-03-13,2.7
22101,2018-03-14,2.9
22101,2018-03-15,3.1
22101,2018-03-16,3.3
22101,2018-03-17,3.3
22101,2018-03-18,3.4
22101,2018-03-19,3.4
22101,2018-03-20,3.5
22101,2018-03-21,3.5
22101,2018-03-22,3.6
22101,2018-03-23,3.7
22101,2018-03-24,3.8
22101,2018-03-25,3.9
22101,2018-03-26,4
22101,2018-03-27,4
22101,2018-03-28,4.1
22101,2018-03-29,4.3
22101,2018-03-30,4.4
22101,2018-03-31,4.7
22101,2018-04-01,4.7
22101,2018-04-02,4.9
22101,2018-04-03,5
22101,2018-04-04,5.1
22101,2018-04-05,5.2
22101,2018-04-06,5.3
22101,2018-04-07,5.3
22101,2018-04-08,5.5
22101,2018-04-09,5.9
22101,2018-04-10,5.7
22101,2018-04-11,5.9
22101,2018-04-12,6.1
22101,2018-04-13,6.1
22101,2018-04-14,6.1
22101,2018-04-15,6.3
22101,2018-04-16,6.5
22101,2018-04-17,6.6
22101,2018-04-18,6.9
22101,2018-04-19,6.9
22101,2018-04-20,7.1
22101,2018-04-21,7.3
22101,2018-04-22,7.4
22101,2018-04-23,7.4
22101,2018-04-24,7.5
22101,2018-04-25,7.7
22101,2018-04-26,7.7
22101,2018-04-27,8
22101,2018-04-28,8
22101,2018-04-29,8.2
22101,2018-04-30,8.3
22101,2018-05-01,8.4
22101,2018-05-02,8.5
22101,2018-05-03,8.6
22101,2018-05-04,8.8
22101,2018-05-05,9
22101,2018-05-06,9.3
22101,2018-05-07,9.4
22101,2018-05-08,9.6
22101,2018-05-09,9.9
22101,2018-05-10,9.6
22101,2018-05-11,9.7
22101,2018-05-12,9.8
22101,2018-05-13,9.9
22101,2018-05-14,10.2
22101,2018-05-15,10.4
22101,2018-05-16,10.5
22101,2018-05-17,10.6
22101,2018-05-18,10.8
22101,2018-05-19,10.9
22101,2018-05-20,10.9
22101,2018-05-21,11.1
22101,2018-05-22,11.2
22101,2018-05-23,11.4
22101,2018-05-24,11.5
22101,2018-05-25,11.7
22101,2018-05-26,11.9
22101,2018-05-27,12
22101,2018-05-28,12.3
22101,2018-05-29,12.3
22101,2018-05-30,12.5
22101,2018-05-31,12.7
22101,2018-06-01,13
22101,2018-06-02,13.1
22101,2018-06-03,13.3
22101,2018-06-04,13.4
22101,2018-06-05,13.7
22101,2018-06-06,14
22101,2018-06-07,13.9
22101,2018-06-08,14.1
22101,2018-06-09,14.3
22101,2018-06-10,14.2
22101,2018-06-11,14.3
22101,2018-06-12,14.6
22101,2018-06-13,14.6
22101,2018-06-14,14.6
22101,2018-06-15,14.9
22101,2018-06-16,15.1
22101,2018-06-17,15
22101,2018-06-18,15.3
22101,2018-06-19,15.4
22101,2018-06-20,15.6
22101,2018-06-21,15.8
22101,2018-06-22,16.1
22101,2018-06-23,16.1
22101,2018-06-24,16.2
22101,2018-06-25,16.5
22101,2018-06-26,16.3
22101,2018-06-27,16.4
22101,2018-06-28,16.6
22101,2018-06-29,16.7
22101,2018-06-30,16.9
22101,2018-07-01,16.9
22101,2018-07-02,17
22101,2018-07-03,17.2
22101,2018-07-04,17.7
22101,2018-07-05,17.8
22101,2018-07-06,17.8
22101,2018-07-07,18.1
22101,2018-07-08,18.2
22101,2018-07-09,18.1
22101,2018-07-10,18.2
22101,2018-07-11,18.5
22101,2018-07-12,18.6
22101,2018-07-13,18.6
22101,2018-07-14,18.8
22101,2018-07-15,19.2
22101,2018-07-16,19.2
22101,2018-07-17,19.2
22101,2018-07-18,19.5
22101,2018-07-19,19.8
22101,2018-07-20,20.1
22101,2018-07-21,20.5
22101,2018-07-22,20.7
22101,2018-07-23,20.9
22101,2018-07-24,21.2
22101,2018-07-25,20.8
22101,2018-07-26,20.9
22101,2018-07-27,21.1
22101,2018-07-28,21.3
22101,2018-07-29,21.4
22101,2018-07-30,21.7
22101,2018-07-31,21.9
22101,2018-08-01,22.1
22101,2018-08-02,22.3
22101,2018-08-03,22.5
22101,2018-08-04,22.7
22101,2018-08-09,23.6
22101,2018-08-16,24.4
22101,2018-08-17,24.3
22101,2018-08-18,24.3
22101,2018-08-20,24.4
22101,2018-08-21,24.5
22101,2018-08-22,24.6
22101,2018-08-23,24.4
22101,2018-08-24,24.3
22101,2018-08-25,24.4
22101,2018-08-26,24.3
22101,2018-08-27,24.2
22101,2018-08-28,24.2
22101,2018-08-29,24.2
22101,2018-08-30,24.2
22101,2018-08-31,24.2
22101,2018-09-01,24.3
22101,2018-09-02,24.3
22101,2018-09-03,24.3
22101,2018-09-04,24.3
22101,2018-09-05,24.5
22101,2018-09-06,24.5
22101,2018-09-07,24.3
22101,2018-09-08,24.3
22101,2018-09-09,24.1
22101,2018-09-10,24.1
22101,2018-09-11,23.9
22101,2018-09-12,23.8
22101,2018-09-13,23.7
22101,2018-09-14,23.7
22101,2018-09-15,23.6
22101,2018-09-16,23.6
22101,2018-09-17,23.6
22101,2018-09-18,23.6
22101,2018-09-19,23.6
22101,2018-09-20,23.4
22101,2018-09-21,23.3
22101,2018-09-23,23.2
22101,2018-09-24,23
22101,2018-09-25,22.8
22101,2018-09-26,22.7
22101,2018-09-27,22.6
22101,2018-09-28,22.4
22101,2018-09-29,22.4
22101,2018-09-30,22.2
22101,2018-10-01,21.9
22101,2018-10-02,21.7
22101,2018-10-03,21.7
22101,2018-10-04,21.6
22101,2018-10-05,21.6
22101,2018-10-06,21.5
22101,2018-10-07,21.3
22101,2018-10-08,21.1
22101,2018-10-09,20.9
22101,2018-10-10,20.6
22101,2018-10-11,20.2
22101,2018-10-12,19.8
22101,2018-10-13,19.7
22101,2018-10-14,19.7
22101,2018-10-15,19.6
22101,2018-10-16,19.5
22101,2018-10-17,19.4
22101,2018-10-18,19.3
22101,2018-10-19,19.2
22101,2018-10-20,19.2
22101,2018-10-21,19.1
22101,2018-10-22,19
22101,2018-10-23,18.9
22101,2018-10-24,18.8
22101,2018-10-25,18.7
22101,2018-10-26,18.5
22101,2018-10-27,18.1
22101,2018-10-28,17.7
22101,2018-10-29,17.4
22101,2018-10-30,17.1
22101,2018-10-31,16.9
22101,2018-11-01,16.8
22101,2018-11-02,16.8
22101,2018-11-03,16.8
22101,2018-11-04,16.7
22101,2018-11-05,16.7
22101,2018-11-06,16.6
22101,2018-11-07,16.5
22101,2018-11-08,16.4
22101,2018-11-09,16.2
22101,2018-11-10,16.1
22101,2018-11-11,15.9
22101,2018-11-12,15.8
22101,2018-11-13,15.6
22101,2018-11-14,15.5
22101,2018-11-15,15.5
22101,2018-11-16,15.4
22101,2018-11-17,15.2
22101,2018-11-18,15.2
22101,2018-11-19,15.1
22101,2018-11-20,14.9
22101,2018-11-21,14.7
22101,2018-11-22,14.4
22101,2018-11-23,14.2
22101,2018-11-24,13.9
22101,2018-11-25,13.8
22101,2018-11-26,13.7
22101,2018-11-27,13.7
22101,2018-11-28,13.5
22101,2018-11-29,13.3
22101,2018-11-30,13.2
22101,2018-12-01,13.1
22101,2018-12-02,13
22101,2018-12-03,13
22101,2018-12-04,12.9
22101,2018-12-05,12.6
22101,2018-12-06,12.4
22101,2018-12-07,11.9
22101,2018-12-08,11.3
22101,2018-12-09,10.7
22101,2018-12-10,10.5
22101,2018-12-11,10.3
22101,2018-12-12,10.1
22101,2018-12-13,10
22101,2018-12-14,9.6
22101,2018-12-15,9.5
22101,2018-12-16,9.4
22101,2018-12-18,9.2
22101,2018-12-19,9.2
22101,2018-12-20,9.1
22101,2018-12-21,9.1
22101,2018-12-22,9
22101,2018-12-23,8.9
22101,2018-12-24,8.7
22101,2018-12-25,8.5
22101,2018-12-26,8.4
22101,2018-12-27,8
22101,2018-12-28,7.5
22101,2018-12-29,7.1
22101,2018-12-30,6.8
22101,2018-12-31,6.7
22101,2019-01-01,6.4
22101,2019-01-02,6.3
22101,2019-01-03,6.2
22101,2019-01-04,6.2
22101,2019-01-05,6
22101,2019-01-06,5.9
22101,2019-01-07,5.8
22101,2019-01-08,5.6
22101,2019-01-09,5.4
22101,2019-01-10,5.3
22101,2019-01-11,5.3
22101,2019-01-12,5.3
22101,2019-01-13,5.3
22101,2019-01-14,5.2
22101,2019-01-15,5.2
22101,2019-01-16,5.1
22101,2019-01-17,5
22101,2019-01-18,4.9
22101,2019-01-19,4.9
22101,2019-01-20,4.8
22101,2019-01-21,4.7
22101,2019-01-22,4.7
22101,2019-01-23,4.6
22101,2019-01-24,4.6
22101,2019-01-25,4.6
22101,2019-01-26,4.4
22101,2019-01-27,4.3
22101,2019-01-28,4.3
22101,2019-01-29,4.3
22101,2019-01-30,4.3
22101,2019-01-31,4.2
22101,2019-02-01,4.2
22101,2019-02-02,4.1
22101,2019-02-03,4.1
22101,2019-02-04,4.1
22101,2019-02-05,4.1
22101,2019-02-06,4.1
22101,2019-02-07,4
22101,2019-02-08,3.8
22101,2019-02-09,3.7
22101,2019-02-10,3.5
22101,2019-02-11,3.4
22101,2019-02-12,3.4
22101,2019-02-13,3.4
22101,2019-02-14,3.3
22101,2019-02-15,3.3
22101,2019-02-16,3.3
22101,2019-02-17,3.3
22101,2019-02-18,3.3
22101,2019-02-19,3.2
22101,2019-02-20,3.2
22101,2019-02-21,3.2
22101,2019-02-22,3.3
22101,2019-02-23,3.4
22101,2019-02-24,3.5
22101,2019-02-25,3.6
22101,2019-02-26,3.7
22101,2019-02-27,3.9
22101,2019-02-28,3.9
22101,2019-03-01,4
22101,2019-03-02,4
22101,2019-03-03,4
22101,2019-03-04,4.1
22101,2019-03-05,4.2
22101,2019-03-06,4.2
22101,2019-03-07,4.3
22101,2019-03-08,4.4
22101,2019-03-09,4.4
22101,2019-03-10,4.5
22101,2019-03-11,4.5
22101,2019-03-12,4.6
22101,2019-03-13,4.6
22101,2019-03-14,4.6
22101,2019-03-15,4.7
22101,2019-03-16,4.7
22101,2019-03-17,4.8
22101,2019-03-18,4.9
22101,2019-03-19,5
22101,2019-03-20,5
22101,2019-03-21,5.1
22101,2019-03-22,5.1
22101,2019-03-23,5.2
22101,2019-03-24,5.2
22101,2019-03-25,5.3
22101,2019-03-26,5.5
22101,2019-03-27,5.6
22101,2019-03-28,5.7
22101,2019-03-29,5.9
22101,2019-03-30,5.9
22101,2019-03-31,5.9
22101,2019-04-01,6
22101,2019-04-02,6.1
22101,2019-04-03,6.2
22101,2019-04-04,6.3
22101,2019-04-05,6.5
22101,2019-04-06,6.5
22101,2019-04-07,6.7
22101,2019-04-08,6.7
22101,2019-04-09,6.8
22101,2019-04-10,6.8
22101,2019-04-11,6.9
22101,2019-04-12,7.2
22101,2019-04-13,7.2
22101,2019-04-14,7.2
22101,2019-04-15,7.4
22101,2019-04-16,7.5
22101,2019-04-17,7.8
22101,2019-04-18,7.7
22101,2019-04-21,8.1
22101,2019-04-22,8.3
22101,2019-04-23,8.3
22101,2019-04-24,8.5
22101,2019-04-25,8.6
22101,2019-04-26,8.6
22101,2019-04-27,8.9
22101,2019-04-28,9.2
22101,2019-04-29,8.8
22101,2019-04-30,9.1
22101,2019-05-01,9.1
22101,2019-05-02,9.4
22101,2019-05-03,9.6
22101,2019-05-04,9.7
22101,2019-05-05,9.8
22101,2019-05-06,9.9
22101,2019-05-07,10.2
22101,2019-05-08,10.2
22101,2019-05-09,10.4
22101,2019-05-10,10.6
22101,2019-05-11,10.8
22101,2019-05-12,10.9
22101,2019-05-13,10.9
22101,2019-05-14,11.3
22101,2019-05-15,11.3
22101,2019-05-16,11.4
22101,2019-05-17,11.6
22101,2019-05-18,11.6
22101,2019-05-19,11.8
22101,2019-05-20,11.9
22101,2019-05-21,12.2
22101,2019-05-22,12.2
22101,2019-05-23,12.4
22101,2019-05-24,12.7
22101,2019-05-25,12.7
22101,2019-05-26,13
22101,2019-05-27,13
22101,2019-05-28,13.3
22101,2019-05-29,13.4
22101,2019-05-30,13.5
22101,2019-05-31,13.8
22101,2019-06-01,13.9
22101,2019-06-02,14.1
22101,2019-06-03,14.1
22101,2019-06-04,14.4
22101,2019-06-05,14.5
22101,2019-06-06,14.5
22101,2019-06-07,14.6
22101,2019-06-08,14.8
22101,2019-06-09,15
22101,2019-06-10,15
22101,2019-06-11,15.3
22101,2019-06-12,15.7
22101,2019-06-13,15.7
22101,2019-06-14,15.7
22101,2019-06-15,15.9
22101,2019-06-16,16.2
22101,2019-06-17,16.2
22101,2019-06-18,16.3
22101,2019-06-19,16.5
22101,2019-06-20,16.7
22101,2019-06-21,16.6
22101,2019-06-22,16.9
22101,2019-06-23,17.1
22101,2019-06-24,17.4
22101,2019-06-25,17.5
22101,2019-06-26,17.4
22101,2019-06-27,17.6
22101,2019-06-28,17.8
22101,2019-06-29,17.8
22101,2019-06-30,17.8
22101,2019-07-01,18.1
22101,2019-07-02,18.2
22101,2019-07-03,18.1
22101,2019-07-04,18.3
22101,2019-07-05,18.6
22101,2019-07-06,18.5
22101,2019-07-07,18.7
22101,2019-07-08,18.8
22101,2019-07-09,19.1
22101,2019-07-10,19
22101,2019-07-11,19
22101,2019-07-12,19.3
22101,2019-07-13,19.4
22101,2019-07-14,19.5
22101,2019-07-15,19.4
22101,2019-07-16,19.5
22101,2019-07-17,19.5
22101,2019-07-18,19.7
22101,2019-07-19,19.9
22101,2019-07-20,19.9
22101,2019-07-21,19.9
22101,2019-07-22,20.1
22101,2019-07-23,20.3
22101,2019-07-24,20.3
22101,2019-07-25,20.4
22101,2019-07-26,20.5
22101,2019-07-27,21
22101,2019-07-28,20.6
22101,2019-07-29,20.8
22101,2019-07-30,20.9
22101,2019-07-31,21
22101,2019-08-01,21
22101,2019-08-02,21.4
22101,2019-08-03,21.6
22101,2019-08-04,21.6
22101,2019-08-05,21.9
22101,2019-08-06,22.1
22101,2019-08-07,22.3
22101,2019-08-08,22.6
22101,2019-08-09,23
22101,2019-08-10,23
22101,2019-08-11,22.8
22101,2019-08-12,23.1
22101,2019-08-13,23.3
22101,2019-08-14,23.3
22101,2019-08-15,23.4
22101,2019-08-18,24.1
22101,2019-08-21,24.3
22101,2019-08-23,24.5
22101,2019-08-27,24.7
22101,2019-08-28,24.9
22101,2019-08-29,24.8
22101,2019-08-30,24.7
22101,2019-08-31,24.7
22101,2019-09-01,24.6
22101,2019-09-02,24.5
22101,2019-09-03,24.5
22101,2019-09-04,24.4
22101,2019-09-05,24.4
22101,2019-09-06,24.4
22101,2019-09-07,24.2
22101,2019-09-08,24.3
22101,2019-09-09,24.4
22101,2019-09-10,24.2
22101,2019-09-11,24.1
22101,2019-09-12,23.8
22101,2019-09-13,23.7
22101,2019-09-14,23.7
22101,2019-09-15,23.6
22101,2019-09-16,23.6
22101,2019-09-17,23.6
22101,2019-09-18,23.4
22101,2019-09-19,23.2
22101,2019-09-20,23
22101,2019-09-21,22.9
22101,2019-09-22,22.7
22101,2019-09-23,22.6
22101,2019-09-24,22.7
22101,2019-09-25,22.6
22101,2019-09-26,22.4
22101,2019-09-27,22.4
22101,2019-09-28,22.4
22101,2019-09-29,22.5
22101,2019-09-30,22.4
22101,2019-10-01,22.4
22101,2019-10-02,22.3
22101,2019-10-03,22.3
22101,2019-10-04,22.3
22101,2019-10-05,22.2
22101,2019-10-06,22.1
22101,2019-10-07,22.1
22101,2019-10-08,21.9
22101,2019-10-09,21.8
22101,2019-10-10,21.6
22101,2019-10-11,21.5
22101,2019-10-12,21.4
22101,2019-10-13,21.2
22101,2019-10-14,21
22101,2019-10-15,20.7
22101,2019-10-16,20.6
22101,2019-10-17,20.5
22101,2019-10-18,20.4
22101,2019-10-19,20.3
22101,2019-10-20,20.3
22101,2019-10-21,20.2
22101,2019-10-22,20.2
22101,2019-10-23,20.2
22101,2019-10-24,20.1
22101,2019-10-25,20.1
22101,2019-10-26,19.9
22101,2019-10-27,19.6
22101,2019-10-28,19.4
22101,2019-10-29,19.1
22101,2019-10-30,18.9
22101,2019-10-31,18.8
22101,2019-11-01,18.7
22101,2019-11-02,18.6
22101,2019-11-03,18.6
22101,2019-11-04,18.5
22101,2019-11-05,18.4
22101,2019-11-06,18.4
22101,2019-11-07,18.2
22101,2019-11-08,17.9
22101,2019-11-09,17.8
22101,2019-11-10,17.6
22101,2019-11-11,17.3
22101,2019-11-12,17
22101,2019-11-13,16.9
22101,2019-11-14,16.4
22101,2019-11-15,16.1
22101,2019-11-16,16
22101,2019-11-17,15.9
22101,2019-11-18,15.8
22101,2019-11-19,15.5
22101,2019-11-20,15.2
22101,2019-11-21,15
22101,2019-11-22,14.8
22101,2019-11-23,14.8
22101,2019-11-24,14.7
22101,2019-11-25,14.4
22101,2019-11-26,14.2
22101,2019-11-27,13.9
22101,2019-11-28,13.6
22101,2019-11-29,13.3
22101,2019-11-30,13.1
22101,2019-12-01,13.1
22101,2019-12-02,12.9
22101,2019-12-03,12.6
22101,2019-12-04,12.4
22101,2019-12-05,12.2
22101,2019-12-06,11.9
22101,2019-12-07,11.6
22101,2019-12-08,11.5
22101,2019-12-09,11.4
22101,2019-12-10,11.3
22101,2019-12-11,11.2
22101,2019-12-12,10.9
22101,2019-12-13,10.7
22101,2019-12-14,10.5
22101,2019-12-15,10.3
22101,2019-12-16,10.4
22101,2019-12-17,10.4
22101,2019-12-18,10.2
22101,2019-12-19,10
22101,2019-12-20,9.9
22101,2019-12-21,9.8
22101,2019-12-22,9.7
22101,2019-12-23,9.6
22101,2019-12-24,9.5
22101,2019-12-25,9.4
22101,2019-12-26,9.3
22101,2019-12-27,9.1
22101,2019-12-28,8.9
22101,2019-12-29,8.7
22101,2019-12-30,8.6
22101,2019-12-31,8.4
22101,2020-01-01,8.1
22101,2020-01-02,8
22101,2020-01-03,8
22101,2020-01-04,7.9
22101,2020-01-05,7.8
22101,2020-01-06,7.8
22101,2020-01-07,7.8
22101,2020-01-08,7.8
22101,2020-01-09,7.7
22101,2020-01-10,7.5
22101,2020-01-11,7.5
22101,2020-01-12,7.3
22101,2020-01-13,7.1
22101,2020-01-14,6.9
22101,2020-01-15,6.9
22101,2020-01-16,6.8
22101,2020-01-17,6.7
22101,2020-01-18,6.6
22101,2020-01-19,6.6
22101,2020-01-20,6.5
22101,2020-01-21,6.4
22101,2020-01-22,6.4
22101,2020-01-23,6.4
22101,2020-01-24,6.3
22101,2020-01-25,6.3
22101,2020-01-26,6.2
22101,2020-01-27,6.1
22101,2020-01-28,6.1
22101,2020-01-29,6.2
22101,2020-01-30,6.2
22101,2020-01-31,6.2
